"L1","VOT","Segment"
"English",1.5,"b"
"Spanish",-126.3,"b"
"English",1.8,"b"
"Spanish",7.2,"b"
"English",1.3,"b"
"Spanish",-95.1,"b"
"English",-106.8,"b"
"Spanish",4.9,"b"
"English",1.4,"b"
"Spanish",-119,"b"
"English",3.4,"b"
"Spanish",-112.7,"b"
"English",-99.8,"b"
"Spanish",-116.4,"b"
"English",2.5,"b"
"Spanish",-95.1,"b"
"English",2.1,"b"
"Spanish",8.9,"b"
"English",3.3,"b"
"Spanish",4.3,"b"
"English",1.5,"b"
"Spanish",4.2,"b"
"English",1.6,"b"
"Spanish",-99.1,"b"
"English",3,"b"
"Spanish",-100,"b"
"English",1.5,"b"
"Spanish",2.3,"b"
"English",1.7,"b"
"Spanish",-113.5,"b"
"English",1.6,"b"
"Spanish",3.4,"b"
"English",1.6,"b"
"Spanish",3.5,"b"
"English",-102.8,"b"
"Spanish",-135.6,"b"
"English",2.2,"b"
"Spanish",-135,"b"
"English",1.7,"b"
"Spanish",-102.6,"b"
"English",-81.4,"b"
"Spanish",-112.6,"b"
"English",2.9,"b"
"Spanish",1.9,"b"
"English",1.7,"b"
"Spanish",-105.6,"b"
"English",1.7,"b"
"Spanish",8,"b"
"English",1.8,"b"
"Spanish",-107.2,"b"
"English",2.3,"b"
"Spanish",2.6,"b"
"English",1.8,"b"
"Spanish",-129,"b"
"English",1.8,"b"
"Spanish",-74.8,"b"
"English",1.4,"b"
"Spanish",-131.2,"b"
"English",1.6,"b"
"Spanish",6.9,"b"
"English",1.9,"b"
"Spanish",-118.2,"b"
"English",1.5,"b"
"Spanish",-83,"b"
"English",2.2,"b"
"Spanish",-94.8,"b"
"English",1.1,"b"
"Spanish",4,"b"
"English",2,"b"
"Spanish",2.1,"b"
"English",1.1,"b"
"Spanish",-92.5,"b"
"English",1.6,"b"
"Spanish",-76.5,"b"
"English",1.5,"b"
"Spanish",-105.5,"b"
"English",1.5,"b"
"Spanish",2.7,"b"
"English",1.8,"b"
"Spanish",-124.8,"b"
"English",0.9,"b"
"Spanish",-79.9,"b"
"English",2.8,"b"
"Spanish",-141.1,"b"
"English",1,"b"
"Spanish",5.3,"b"
"English",1.5,"b"
"Spanish",-113.9,"b"
"English",1.2,"b"
"Spanish",-116.8,"b"
"English",1.4,"b"
"Spanish",-107.6,"b"
"English",3.8,"b"
"Spanish",-96,"b"
"English",1.8,"b"
"Spanish",-105.5,"b"
"English",1.2,"b"
"Spanish",-139.3,"b"
"English",1,"b"
"Spanish",3.6,"b"
"English",2.1,"b"
"Spanish",-103.2,"b"
"English",1.8,"b"
"Spanish",-100.1,"b"
"English",1.6,"b"
"Spanish",-125.5,"b"
"English",1.3,"b"
"Spanish",2.2,"b"
"English",1.1,"b"
"Spanish",4.4,"b"
"English",1.3,"b"
"Spanish",-124.2,"b"
"English",2.6,"b"
"Spanish",4,"b"
"English",1.5,"b"
"Spanish",-124.3,"b"
"English",1.1,"b"
"Spanish",-116,"b"
"English",3.5,"b"
"Spanish",-114.7,"b"
"English",-139.9,"b"
"Spanish",-98.1,"b"
"English",1.7,"b"
"Spanish",5.9,"b"
"English",2.6,"b"
"Spanish",2.8,"b"
"English",2.5,"b"
"Spanish",-114.6,"b"
"English",1.5,"b"
"Spanish",-104.6,"b"
"English",3.9,"b"
"Spanish",3.5,"b"
"English",1.7,"b"
"Spanish",-110.8,"b"
"English",1.1,"b"
"Spanish",-135.5,"b"
"English",1.7,"b"
"Spanish",4.1,"b"
"English",2,"b"
"Spanish",-111.8,"b"
"English",4.1,"b"
"Spanish",-83.4,"b"
"English",1.9,"b"
"Spanish",-104.8,"b"
"English",2.1,"b"
"Spanish",3.2,"b"
"English",1.8,"b"
"Spanish",-116.6,"b"
"English",1.6,"b"
"Spanish",5,"b"
"English",1.8,"b"
"Spanish",-107.2,"b"
"English",2.4,"b"
"Spanish",2.6,"b"
"English",3.8,"b"
"Spanish",-96.3,"b"
"English",2.6,"b"
"Spanish",-105.2,"b"
"English",-74.5,"b"
"Spanish",-115.5,"b"
"English",1.2,"b"
"Spanish",-124.1,"b"
"English",2.6,"b"
"Spanish",-100.5,"b"
"English",2,"b"
"Spanish",4.3,"b"
"English",1.1,"b"
"Spanish",-107.3,"b"
"English",2.2,"b"
"Spanish",2.6,"b"
"English",1.7,"b"
"Spanish",3.3,"b"
"English",3,"b"
"Spanish",-124.3,"b"
"English",1.4,"b"
"Spanish",-85.3,"b"
"English",1.6,"b"
"Spanish",7.4,"b"
"English",1.3,"b"
"Spanish",-106,"b"
"English",1.7,"b"
"Spanish",-106.7,"b"
"English",2.1,"b"
"Spanish",3.9,"b"
"English",1.4,"b"
"Spanish",-89.1,"b"
"English",2.4,"b"
"Spanish",-119.9,"b"
"English",1.2,"b"
"Spanish",4.8,"b"
"English",1.3,"b"
"Spanish",4.2,"b"
"English",3,"b"
"Spanish",-124,"b"
"English",1.3,"b"
"Spanish",-91.8,"b"
"English",2.1,"b"
"Spanish",5.2,"b"
"English",1.6,"b"
"Spanish",3.5,"b"
"English",2.1,"b"
"Spanish",3,"b"
"English",3.3,"b"
"Spanish",-107.1,"b"
"English",3.2,"b"
"Spanish",-106,"b"
"English",-106.9,"b"
"Spanish",-126.8,"b"
"English",0.8,"b"
"Spanish",-100.2,"b"
"English",4.4,"b"
"Spanish",2.3,"b"
"English",2.3,"b"
"Spanish",-100.1,"b"
"English",2.2,"b"
"Spanish",-106.4,"b"
"English",-79.4,"b"
"Spanish",6.9,"b"
"English",2.2,"b"
"Spanish",-124.1,"b"
"English",-106.8,"b"
"Spanish",-108.6,"b"
"English",2.1,"b"
"Spanish",6.7,"b"
"English",1.6,"b"
"Spanish",-132,"b"
"English",1.1,"b"
"Spanish",2.4,"b"
"English",2.6,"b"
"Spanish",3.5,"b"
"English",3.1,"b"
"Spanish",-119.7,"b"
"English",1.6,"b"
"Spanish",-113,"b"
"English",1.2,"b"
"Spanish",7.7,"b"
"English",2.3,"b"
"Spanish",-109.5,"b"
"English",1.8,"b"
"Spanish",6.2,"b"
"English",-79.5,"b"
"Spanish",-98.9,"b"
"English",1.8,"b"
"Spanish",2.9,"b"
"English",1.5,"b"
"Spanish",-104.8,"b"
"English",1.6,"b"
"Spanish",3.9,"b"
"English",1.2,"b"
"Spanish",2.7,"b"
"English",3.4,"b"
"Spanish",4.1,"b"
"English",1.6,"b"
"Spanish",-125.1,"b"
"English",1,"b"
"Spanish",-112.8,"b"
"English",2,"b"
"Spanish",-96,"b"
"English",2,"b"
"Spanish",-104.8,"b"
"English",1.3,"b"
"Spanish",3.3,"b"
"English",0.7,"b"
"Spanish",-96.3,"b"
"English",1.5,"b"
"Spanish",-112.6,"b"
"English",2.2,"b"
"Spanish",-146,"b"
"English",-92.1,"b"
"Spanish",-98.1,"b"
"English",1.8,"b"
"Spanish",-77.5,"b"
"English",2.2,"b"
"Spanish",-109.1,"b"
"English",1.2,"b"
"Spanish",3.7,"b"
"English",-110.7,"b"
"Spanish",6.4,"b"
"English",1.8,"b"
"Spanish",-124,"b"
"English",2.3,"b"
"Spanish",-110.6,"b"
"English",2.6,"b"
"Spanish",-99.9,"b"
"English",2,"b"
"Spanish",6.6,"b"
"English",1.3,"b"
"Spanish",-106.5,"b"
"English",2.7,"b"
"Spanish",2.7,"b"
"English",0.9,"b"
"Spanish",-97.8,"b"
"English",1.5,"b"
"Spanish",-89.8,"b"
"English",1.7,"b"
"Spanish",-76.2,"b"
"English",1.7,"b"
"Spanish",8.2,"b"
"English",2.6,"b"
"Spanish",-102.9,"b"
"English",1.9,"b"
"Spanish",2.2,"b"
"English",2.1,"b"
"Spanish",-111.7,"b"
"English",1.8,"b"
"Spanish",2.4,"b"
"English",1.7,"b"
"Spanish",5.2,"b"
"English",2.3,"b"
"Spanish",2.4,"b"
"English",2.7,"b"
"Spanish",-107.5,"b"
"English",0.8,"b"
"Spanish",-95.5,"b"
"English",2.2,"b"
"Spanish",-103.9,"b"
"English",2.1,"b"
"Spanish",-117,"b"
"English",1.6,"b"
"Spanish",-143.6,"b"
"English",2.5,"b"
"Spanish",-121.9,"b"
"English",1.6,"b"
"Spanish",-110.3,"b"
"English",1.6,"b"
"Spanish",-147.7,"b"
"English",2.5,"b"
"Spanish",-76.8,"b"
"English",3.3,"b"
"Spanish",4.3,"b"
"English",2,"b"
"Spanish",-127.4,"b"
"English",1.6,"b"
"Spanish",5.1,"b"
"English",1.2,"b"
"Spanish",-142.8,"b"
"English",1.6,"b"
"Spanish",4.2,"b"
"English",1.3,"b"
"Spanish",-115.2,"b"
"English",1.7,"b"
"Spanish",3.5,"b"
"English",2.1,"b"
"Spanish",2,"b"
"English",1.4,"b"
"Spanish",-124.4,"b"
"English",4.6,"b"
"Spanish",-120.6,"b"
"English",1.9,"b"
"Spanish",3.9,"b"
"English",2.7,"b"
"Spanish",-124.4,"b"
"English",0.8,"b"
"Spanish",6.1,"b"
"English",2.4,"b"
"Spanish",4.2,"b"
"English",1.1,"b"
"Spanish",-79.6,"b"
"English",-101.4,"b"
"Spanish",-109,"b"
"English",2.1,"b"
"Spanish",-103,"b"
"English",1.6,"b"
"Spanish",-108.9,"b"
"English",2.9,"b"
"Spanish",-117.3,"b"
"English",1.4,"b"
"Spanish",-98.8,"b"
"English",1.5,"b"
"Spanish",5.7,"b"
"English",1.3,"b"
"Spanish",-108.1,"b"
"English",1.4,"b"
"Spanish",-122.2,"b"
"English",2.5,"b"
"Spanish",3.8,"b"
"English",-130.6,"b"
"Spanish",-98.3,"b"
"English",2.6,"b"
"Spanish",-99.9,"b"
"English",1.6,"b"
"Spanish",3.8,"b"
"English",2.1,"b"
"Spanish",6.9,"b"
"English",2,"b"
"Spanish",-102.3,"b"
"English",-99.3,"b"
"Spanish",5.5,"b"
"English",3.4,"b"
"Spanish",-108.2,"b"
"English",1.9,"b"
"Spanish",2.6,"b"
"English",2.4,"b"
"Spanish",4,"b"
"English",2.5,"b"
"Spanish",2.4,"b"
"English",1.8,"b"
"Spanish",-132.2,"b"
"English",1.6,"b"
"Spanish",-120.5,"b"
